epoch,train_loss,val_loss,train_error1,val_error1,train_error5,val_error5
1,1.9882439488983155,1.8097101383209229,73.29599999999999,67.15,20.518,14.329999999999998
